prompt_id,prompt,generated_text
1,The secret to sustainable energy lies in,"The secret to sustainable energy lies in creating a sustainable world that takes advantage of the unique environment. The planet is the only environment left untouched by the industrial and scientific methods of the past. We live in a world of technology, technology that allows us to"
2,"Beyond the furthest reaches of our galaxy,","Beyond the furthest reaches of our galaxy, we might never know quite what the world would look like tomorrow. But with the advent of technology, we can no longer rely on our knowledge.

In March, 2015, the European Space Agency,"
3,The most significant cultural shift of this century is,The most significant cultural shift of this century is the emergence of a new form of political engagement that is a reflection of the growing social and political change that is sweeping across the world. The emergence of a new political discourse and a new political culture is at
4,"Inside the abandoned laboratory, a flickering screen revealed","Inside the abandoned laboratory, a flickering screen revealed the results of a laboratory experiment. The researchers were able to trace the exact location of the cells inside the two-dimensional cells.

""No matter what the experiments were, there was always a certain"
5,The way we communicate will be fundamentally altered by,"The way we communicate will be fundamentally altered by the technology. I think what was really important, that's what I'm trying to say, is that the way we communicate, we're really communicating through the Internet and through video and so forth. So"
